기업명,감성지수
자이언트스텝,1019
녹십자,992
SK바이오사이언스,816
한국조선해양,696
나노신소재,689
멀티캠퍼스,663
교육혁명,660
한국수출포장,640
금호건설,615
엠플러스,603
현대오토에버,594
메카로,593
국제약품,584
에스티팜,581
한화시스템,574
동진쎄미켐,569
한전산업,534
케이사인,520
한미약품,515
티맥스소프트,505
솔트룩스,503
환인제약,484
젬백스,470
셀트리온,465
우수AMS,463
메가스터디교육,451
포스코 ICT,445
LIG넥스원,443
현대로템,432
오이솔루션,426
아이센스,419
와이지-원,418
코오롱글로벌,413
하나마이크론,410
동원산업,397
두산중공업,380
현대미포조선,364
샘코,351
두산퓨얼셀,343
와이지엔터테인먼트,338
알서포트,337
나이벡,336
선익시스템,333
데이타솔루션,331
코리아센터,329
골든블루,325
엘엠에스,325
LG전자,325
SPC삼립,323
동화약품,317
수젠텍,317
비보존,313
DSC인베스트먼트,313
크리스탈신소재,312
LS전선,309
조광페인트,308
에이테크솔루션,305
휴온스글로벌,302
교촌에프앤비,298
아이텍,296
써니전자,295
포스코케미칼,292
코아스,289
줌인터넷,288
SM Life Design,286
한국정밀기계,285
원익IPS,283
케이아이엔엑스,283
제이콘텐트리,281
유바이오로직스,278
SK바이오팜,275
셀리드,275
엑세스바이오,273
삼양식품,273
동양철관,271
티앤알바이오팹,269
제이엘케이,268
안국약품,267
인터로조,264
케이에스피,264
에코프로,262
선바이오,261
알톤스포츠,261
BGF리테일,260
씨아이에스,259
퍼시스,258
이지케어텍,258
주성엔지니어링,254
하나제약,254
LG헬로비전,253
에스앤에스텍,253
뷰웍스,252
크리스탈지노믹스,252
삼천당제약,248
신테카바이오,246
조이시티,246
에이블씨엔씨,246
SK이노베이션,245
신일제약,245
아이씨케이,244
무진메디,244
네오위즈,242
바이온,238
체시스,235
케어랩스,235
쿠콘,235
툴젠,234
DL이앤씨,233
에이비엘바이오,232
삼성메디슨,230
LG이노텍,228
성원,227
뷰노,227
아시아종묘,226
서울옥션,223
파이오링크,221
효성첨단소재,220
메드팩토,219
한솔테크닉스,219
NH투자증권,218
웅진씽크빅,217
알티캐스트,211
젠큐릭스,210
웹젠,210
아이오케이,208
LG디스플레이,207
동양건설산업,207
뉴보텍,207
네오펙트,207
피씨엘,207
에이티넘인베스트,205
지노믹트리,203
지티지웰니스,203
아시아나IDT,200
대봉엘에스,200
인크로스,199
송원산업,197
엘앤씨바이오,196
패션플랫폼,196
제넨바이오,195
큐리언트,193
엠텍비젼,192
경농,190
SBI인베스트먼트,189
브리지텍,188
에코마케팅,188
카카오게임즈,187
일성건설,186
스마트골프,185
오비고,184
SK가스,183
한국공항,181
디앤씨미디어,180
비즈니스온,179
사우스케이프,179
글로벌에스엠,177
하나기술,176
대한해운,176
비트컴퓨터,176
사조대림,173
현대리바트,172
이스타코,171
삼지전자,171
유한양행,171
압타바이오,170
셀리버리,169
삼성SDI,169
이크레더블,169
코디엠,169
파라다이스,168
중앙백신,168
게임빌,165
가온미디어,165
씨씨에스,164
썸에이지,163
엔젠바이오,162
넷마블,162
티플랙스,161
사조씨푸드,160
한국내화,159
아이엘사이언스,159
유진기업,159
파트론,159
에프앤가이드,158
진양제약,157
피에스케이,155
엠브레인,154
SCI평가정보,153
에스디바이오센서,153
오리콤,153
플리토,153
에이씨티,151
KB금융,150
SK렌터카,149
한독,148
맥스트,148
코아스템,146
두산밥캣,146
위지윅스튜디오,146
LS전선아시아,144
코스맥스,144
체리부로,143
클래시스,142
대한방직,141
삼성전자,141
형지엘리트,141
나무기술,141
아이디스,140
디알젬,139
삼화페인트,139
셀레믹스,137
한국가스공사,136
액션스퀘어,136
원림,136
코리아에셋투자증권,135
농심,135
루트로닉,135
SV인베스트먼트,135
신신제약,134
에이프로젠제약,134
스튜디오드래곤,134
그린플러스,132
티웨이항공,132
링크제니시스,132
인바이오,131
삼양사,131
카이노스메드,131
시큐아이,130
일진디스플,130
엠로,129
미래에셋벤처투자,129
동국제강,128
에이스토리,128
엔터미디어,127
진바이오텍,127
아이진,126
홈캐스트,126
이노메트리,124
현대에너지솔루션,124
디와이파워,124
포티스,124
씨엔플러스,123
삼익악기,123
에프알텍,123
넷게임즈,122
파멥신,121
메가젠임플란트,121
현대차증권,121
코맥스,120
컬러레이,119
삼보컴퓨터,119
옵티팜,119
덕산네오룩스,119
컴투스,118
에어부산,118
신풍제약,118
엔비티,117
엠벤처투자,117
데이터스트림즈,117
휴젤,116
올리패스,116
에프에스티,115
한국바이오젠,115
바른전자,114
DB하이텍,114
오리온,114
지니언스,114
알체라,114
YBM넷,113
코오롱,113
하이로닉,112
이큐셀,112
광동제약,111
한화생명,110
와이디생명과학,110
캐리소프트,109
진시스템,108
매일유업,108
자이글,108
HK이노엔,108
인터파크,107
휴마시스,107
유틸렉스,107
롯데하이마트,107
엑셈,106
대한전선,106
위드텍,105
에이비프로바이오,105
바이브컴퍼니,105
하이소닉,104
코스맥스엔비티,104
조아제약,104
에프엔씨엔터,104
한국전력,104
명성티엔에스,103
한일진공,102
비피도,102
모바일리더,102
아비코전자,101
키다리스튜디오,101
종근당홀딩스,101
덴티스,101
알리코제약,101
한창제지,100
메디포럼,100
에이치엘사이언스,99
현대글로비스,99
나이스디앤비,99
AP위성,97
제일제강,97
인선이엔티,97
바디텍메드,97
EDGC,97
아시아나항공,97
강원,97
코스텍,97
모베이스,97
쌍방울,97
나우코스,97
아이엠,96
에스퓨얼셀,96
크래프톤,96
서울바이오시스,96
유니켐,96
소프트캠프,96
한국앤컴퍼니,95
동방,95
켄코아에어로스페이스,94
현대차,94
원바이오젠,93
메디포스트,93
알에스오토메이션,93
디이엔티,93
스포라이브,93
래몽래인,92
골프존,92
TS트릴리온,92
팬스타엔터프라이즈,92
인트로메딕,91
해성디에스,91
메가엠디,91
이글루시큐리티,91
인텔리안테크,91
엔케이맥스,91
시티랩스,91
디스플레이텍,90
미디어젠,90
와토스코리아,89
자이에스앤디,88
컴퍼니케이,88
일신바이오,88
유니텍,88
삼화전기,88
인바이오젠,88
경동제약,87
유엔젤,87
콤텍시스템,86
아스트,85
카프로,85
디아이,85
화신정공,85
한국비엔씨,85
삼일기업공사,84
금양,84
오텍,83
CJ대한통운,83
롯데리츠,82
방림,82
아리바이오,81
이오플로우,80
한샘,80
더존비즈온,80
에브리봇,79
티움바이오,79
포인트모바일,79
오리엔탈정공,79
일지테크,79
팬젠,78
삼익THK,78
지누스,78
앤씨앤,78
한화,78
쇼박스,78
퀀타매트릭스,77
에스씨엠생명과학,76
메이슨캐피탈,76
아이티엠반도체,76
하이트진로,75
영림원소프트랩,75
SG신성건설,75
엔시스,74
라온피플,74
토니모리,74
비에이치아이,74
한화에어로스페이스,73
SK텔레콤,73
에스에이티,73
푸드나무,73
우양에이치씨,73
시그네틱스,73
비츠로셀,72
프리젠,72
아이스크림에듀,72
부스타,72
한국종합기술,72
보락,72
로드,72
디피코,71
제이에스코퍼레이션,70
머큐리,70
브랜드엑스코퍼레이션,69
흥국에프엔비,69
민앤지,69
라파스,69
세경하이테크,69
잉글우드랩,69
메리츠화재,69
엘티씨,69
노바렉스,68
대한과학,68
RFHIC,68
유니슨,68
케이엠제약,68
우리바이오,68
에스피지,68
디케이티,68
기아,68
샘표,68
에치에프알,67
씨에스베어링,66
HDC현대산업개발,66
제이알글로벌리츠,66
삼성증권,66
알루코,66
큐로,66
SK아이이테크놀로지,66
엠에스씨,65
이녹스첨단소재,65
SNT모티브,65
브이티지엠피,65
대한항공,64
태웅로직스,64
STX엔진,64
이수앱지스,64
이스트아시아홀딩스,64
오파스넷,64
세틀뱅크,63
CJ제일제당,63
클리오,63
유니퀘스트,62
한섬,62
유비온,62
한솔인티큐브,62
라이프시맨틱스,61
HSD엔진,61
두올,61
휴메딕스,61
고바이오랩,60
엠게임,60
오상헬스케어,60
헝셩그룹,60
엔에프씨,60
지놈앤컴퍼니,60
한세예스24홀딩스,59
차바이오텍,58
한국철강,58
풀무원,58
파워 ,58
신성델타테크,58
신성이엔지,57
오션브릿지,57
보라티알,57
다원시스,57
대유플러스,56
이더블유케이,56
국보디자인,56
피플바이오,55
솔루엠,55
강남제비스코,55
블루탑,54
신라섬유,54
신풍제지,54
파워풀엑스,54
에이플러스에셋,54
선데이토즈,54
디지캡,54
신영,53
현대홈쇼핑,53
올릭스,53
서플러스글로벌,53
SK머티리얼즈,53
하이,53
인켈,52
피앤씨테크,52
씨엔티드림,52
딜리,52
비나텍,52
인성정보,52
휴온스,52
제넥신,51
우성사료,51
천랩,51
제주맥주,51
유진투자증권,51
유나이티드제약,50
아이퀘스트,50
로지시스,50
나노브릭,50
화승인더,50
동원시스템즈,50
국전약품,50
신세계,49
효성티앤씨,49
진에어,49
현대무벡스,49
미코바이오메드,49
인디에프,49
라온테크,49
브릿지바이오테라퓨틱스,49
아주IB투자,49
지더블유바이텍,48
이월드,48
엠아이텍,48
앱클론,48
에스아이리소스,48
현대건설기계,48
뉴트리,47
동구바이오제약,47
환영철강공업,47
신세계 I&C,47
드림어스컴퍼니,46
이연제약,46
수프로,46
한국화장품,46
롯데정밀화학,46
카카오,46
바이오로그디바이스,45
에코캡,45
엔에스컴퍼니,45
코스메카코리아,45
명신산업,44
신세계톰보이,44
휴네시온,44
테스나,44
한국정보통신,44
휴맥스,44
골든센츄리,44
팜스빌,44
지니틱스,43
IBKS,43
한컴위드,43
코스모신소재,43
미투젠,43
원텍,43
삼성중공업,43
KCTC,43
까스텔바작,43
트루윈,43
엑스큐어,43
엔씨소프트,43
대웅제약,43
현대코퍼레이션,42
대창스틸,42
타임기술,42
파커스,42
압타머사이언스,42
더콘텐츠온,42
사조동아원,41
인포뱅크,41
노바텍,41
이랜텍,41
동성화인텍,41
쎌마테라퓨틱스,41
GS리테일,41
티앤엘,41
코디,41
네온테크,40
유에스티,40
센트랄모텍,40
피엔케이피부임상연구센타,40
시그넷이브이,40
네패스아크,40
이노테라피,40
슈프리마아이디,40
무림P&P,40
대한제당,39
큐브엔터,39
센트럴인사이트,39
빙그레,39
파미셀,39
보광산업,39
텔레칩스,39
한신기계,39
KPX생명과학,39
예선테크,39
위더스제약,39
청담러닝,39
현대엘리베이,38
이베스트,38
교보,38
케이엠,38
뉴젠팜,38
소마젠,38
신도기연,38
다이노나,38
아모그린텍,37
씨케이에이치,37
SK증권,37
큐엠씨,37
폭스소프트,37
제이앤티씨,37
이마트,36
코웰패션,36
에스피반도체,36
코스모화학,36
코스온,36
동원개발,36
리더스 기술투자,36
SBI핀테크솔루션즈,36
피케이밸브,36
티에스아이,36
한화에스비아이스팩,35
이마트에브리데이,35
티라유텍,35
세종메디칼,35
유니크,35
엑시콘,35
롯데정보통신,35
메리츠증권,35
일동제약,35
세아제강,34
코람코에너지리츠,34
알에프세미,34
위세아이텍,34
해성옵틱스,34
한화솔루션,34
제이브이엠,34
한국ANKOR유전,34
윙입푸드,33
미래에셋증권,33
핀플넷,33
KG동부제철,33
싸이버원,33
유니온,33
일진머티리얼즈,33
GH신소재,33
테라사이언스,33
조광피혁,33
더블유에스아이,33
현대중공업지주,33
코콤,33
이노뎁,33
쌍용차,32
싸이토젠,32
에프앤리퍼블릭,32
네오크레마,32
진원생명과학,32
GS건설,32
엔케이,32
이건산업,31
해성티피씨,31
솔루스첨단소재,31
엔바이오니아,31
에스엘에스바이오,31
바이오솔루션,31
대신증권,31
수산중공업,31
녹십자홀딩스,31
대유,31
디엔에이링크,30
아시아경제,30
케이비1,30
이녹스,30
청광건설,30
옵티시스,30
노브메타파마,30
아모레G,30
미래산업,30
우림기계,30
진매트릭스,29
동아쏘시오홀딩스,29
티와이홀딩스,29
TS인베스트먼트,29
LX홀딩스,29
대교,29
넥스트사이언스,29
BNK금융지주,29
레이크머티리얼즈,29
메디젠휴먼케어,29
오리온홀딩스,29
프레스티지바이오로직스,28
로스웰,28
엠투엔,28
와이투솔루션,28
아이큐어,28
듀켐바이오,28
TCC스틸,28
에스알바이오텍,28
리독스바이오,28
서광,28
미래에셋생명,28
진도,28
나노스,27
한세엠케이,27
휴니드,27
유니트론텍,27
에이플러스라이프,27
대주이엔티,27
넥센,27
대덕,27
코세스,27
골프존뉴딘홀딩스,27
프레스티지바이오파마,27
에스앤디,27
화성산업,27
교보증권,27
우진비앤지,27
현대일렉트릭,27
뉴지랩파마,27
한양증권,27
동아에스티,27
피엔에이치테크,26
시공테크,26
AP시스템,26
프럼파스트,26
자일자동차판매,26
신영증권,26
노터스,26
삼성전기,26
디케이앤디,26
애드바이오텍,26
S-Oil,26
KTB투자증권,26
마이지놈박스,26
슈프리마,26
카카오뱅크,26
한국맥널티,26
동성제약,25
씨티케이,25
코리아로터리,25
이오테크닉스,25
아미코젠,25
피제이전자,25
삼보산업,25
리메드,25
동국알앤에스,25
일신석재,25
슈펙스비앤피,25
넥스틴,25
CMG제약,25
석경에이티,25
씨아이테크,25
산타크루즈,25
녹십자엠에스,25
강스템바이오텍,25
피노텍,25
엠파크홀딩스,25
지엔원에너지,25
파마리서치바이오,25
삼중테크,24
신라교역,24
톱텍,24
바른손이앤에이,24
레몬,24
네오오토,24
특수건설,24
하이골드12호,24
파인텍,24
한송네오텍,24
엘비루셈,24
SK디스커버리,24
에스맥,24
소룩스,23
프로테옴텍,23
에이프로젠 H&G,23
셀젠텍,23
케이씨티,23
더네이쳐홀딩스,23
켐트로스,23
엄지하우스,23
대원전선,23
명진홀딩스,23
제이시스메디칼,23
볼빅,23
DL건설,23
바이오인프라생명과학,23
동명스틸,23
나노씨엠에스,23
금호타이어,23
엠에스오토텍,23
씨엠에스에듀,23
현대코퍼레이션홀딩스,23
엔투텍,23
시큐센,23
쎄미시스코,23
비트로시스,23
삼양패키징,23
네이처셀,23
까뮤이앤씨,23
펨토바이오메드,23
신한,22
ESR켄달스퀘어리츠,22
포시에스,22
위월드,22
유진스팩6호,22
더존홀딩스,22
비엠티,22
씨브이네트,22
삼영에스앤씨,22
JW중외제약,22
자화전자,22
투비소프트,22
나라소프트,22
보성파워텍,22
디에이피,22
아톤,22
하이골드3호,22
경동인베스트,22
에스케이씨에스,22
한국가구,22
피엔티,22
핑거,22
제놀루션,22
롯데지주,22
YG PLUS,21
삼양통상,21
네오셈,21
케이씨에스,21
코리아0,21
한국미라클피플사,21
삼보오토,21
랩지노믹스,21
데이드림엔터,21
태원물산,21
금강공업,21
이엠앤아이,21
안지오랩,21
나눔테크,21
세명전기,21
현대모비스,21
유진스팩4호,21
이엔코퍼레이션,21
명문제약,21
심텍홀딩스,21
에이치엠씨,21
와이오엠,21
씨알푸드,21
에이에프더블류,21
이엠코리아,21
유니셈,21
에코프로에이치엔,21
윌링스,20
애니플러스,20
일진파워,20
모트렉스,20
현대약품,20
STX중공업,20
뉴파워프라즈마,20
아진엑스텍,20
에이원알폼,20
갤럭시아에스엠,20
삼호개발,20
크리스에프앤씨,20
골프존데카,20
한국우사회,20
이엔드디,20
세운메디칼,20
디에이테크놀로지,20
삼강엠앤티,20
금호전기,20
배럴,20
심텍,20
헬릭스미스,20
한일현대시멘트,20
엔지켐생명과학,20
지앤이헬스케어,20
에스넷,19
대현,19
조흥,19
제닉,19
월덱스,19
평화산업,19
세원이앤씨,19
럭스피아,19
오가닉티코스메틱,19
한국타이어앤테크놀로지,19
원풍,19
코오롱인더,19
바이오리더스,19
파세코,19
SH에너지화학,19
와이더플래닛,19
광명전기,19
셀인바이오,19
녹십자랩셀,19
엑심베이,19
씨엘인터내셔널,19
전진바이오팜,18
케이엔제이,18
DGB금융지주,18
바이오니아,18
제일전기공업,18
바이오다인,18
국보,18
대영씨엔이,18
제이엔케이히터,18
바이오시네틱스,18
아이티센,18
프리시젼바이오,18
티엘비,18
라닉스,18
DI동일,18
이노션,18
SK에코플랜트,18
대명소노시즌,18
JW신약,18
삼성스팩2호,18
라이프사이언스테크놀로지,18
한창산업,18
일진전기,18
삼성에스디에스,18
오스템,18
우진아이엔에스,18
태경비케이,18
이지홀딩스,18
동아지질,18
에스에이엠티,18
유안타증권,17
영화테크,17
제노포커스,17
이삭엔지니어링,17
에스에프에이,17
와이엔텍,17
플럼라인생명과학,17
크라운해태홀딩스,17
태경케미컬,17
천지산업,17
DB금융투자,17
조선내화,17
관악산업,17
진흥기업,17
진코스텍,17
HDC아이콘트롤스,17
포스코엠텍,17
대원,17
케어룸의료산업,17
에스엘,17
한화투자증권,17
제너셈,17
지에스엘,17
알에프텍,17
에스피시스템스,16
케이비,16
오하임아이엔티,16
덕산테코피아,16
디에이치피코리아,16
콜마비앤에이치,16
위메이드,16
코렌텍,16
삼진제약,16
단디바이오,16
선진,16
동진건설,16
에스티오,16
조일알미늄,16
한국파마,16
한국큐빅,16
WISCOM,16
금호에이치티,16
세아제강지주,16
한국전자금융,16
대한그린파워,16
나노,16
코이즈,16
에스코어,16
에스엔피제네틱스,16
서울제약,16
한국토지신탁,16
코미코,16
디딤,15
태광산업,15
원익큐브,15
이노벡스,15
삼미,15
신영스팩6호,15
중앙에너비스,15
용평리조트,15
유앤아이,15
에이스캠퍼,15
CJ CGV,15
스카이이앤엠,15
대양전기공업,15
하이비젼시스템,15
지스마트글로벌,15
이지스밸류리츠,15
경남제약헬스케어,15
세진티에스,15
대륙제관,15
바이오스마트,15
미투온,15
우리기술투자,15
유비쿼스,15
샘표식품,15
바이오프로테크,15
휴먼엔,15
원익,15
SNT에너지,15
IHQ,15
바른손,15
아이월드제약,15
NHN한국사이버결제,15
휠라홀딩스,15
넥스턴바이오,15
위메이드맥스,15
두원중공업,14
아진카인텍,14
케이프,14
한글과컴퓨터,14
젬백스링크,14
펄어비스,14
로보스타,14
우정바이오,14
남선알미우,14
제테마,14
픽셀플러스,14
HDC현대EP,14
신세계건설,14
비엔디생활건강,14
KCC글라스,14
고려산업,14
KCC건설,14
피엔아이컴퍼니,14
이루온,14
파인디지털,14
삼성제약,14
대한뉴팜,14
한일화학,14
모나리자,14
젬백스지오,14
한양디지텍,14
대창단조,14
뉴젠홀딩스,14
로보티즈,14
대영포장,13
사조오양,13
미라콤아이앤씨,13
이수화학,13
동국제약,13
마크로젠,13
씨앤에스링크,13
케이디비생명,13
한국선재,13
오로스테크놀로지,13
동양,13
광전자,13
이엠네트웍스,13
티로보틱스,13
아이비김영,13
에이디엠코리아,13
휴비츠,13
NI스틸,13
예스티,13
룽투코리아,13
신진에스엠,13
텔콘RF제약,13
PI첨단소재,13
우리기술,13
대주코레스,13
화승코퍼레이션,13
NH프라임리츠,12
스템랩,12
신세계인터내셔날,12
한미사이언스,12
원익피앤이,12
에이치피오,12
셀트리온제약,12
인카금융서비스,12
범양건영,12
남광토건,12
엔솔바이오사이언스,12
이화전기,12
유일에너테크,12
대우산업개발,12
고려시멘트,12
한국전자인증,12
우양,12
큐캐피탈,12
마이크로디지탈,12
화인베스틸,12
쌍용정보통신,12
엘티삼보,12
APS홀딩스,12
참좋은여행,12
우리넷,12
영우디에스피,12
대신정보통신,12
한국금융지주,12
씨티씨바이오,12
퓨쳐켐,12
KC코트렐,12
켐트로닉스,12
이도바이오,12
코스텍시스,12
엑사이엔씨,12
삼영화학,12
세종텔레콤,12
에쓰씨엔지니어링,11
이엠텍,11
코너스톤네트웍스,11
한국주강,11
SG세계물산,11
코리안리,11
샘씨엔에스,11
엘브이엠씨홀딩스,11
효성오앤비,11
모바일어플라이언스,11
계양전기,11
갤럭시아머니트리,11
포인트엔지니어링,11
넥센타이어,11
덕양산업,11
효성화학,11
에스에너지,11
금호석유,11
SGA솔루션즈,11
휴온스블러썸,11
지에스엔텍,11
삼성출판사,11
모베이스전자,11
씨에스윈드,11
이베스트투자증권,11
미래테크놀로지,11
아이원스,11
마이더스AI,11
영풍정밀,11
피제이메탈,11
대모,11
KTcs,11
에이치시티,11
국도화학,11
디에스케이,11
켐온,11
노드메이슨,10
와이제이엠게임즈,10
디와이,10
윌비스,10
네오티스,10
한신공영,10
SIMPAC,10
엠투아이,10
도화엔지니어링,10
신한알파리츠,10
한솔제지,10
칩스앤미디어,10
SG글로벌,10
신화콘텍,10
다함이텍,10
아미노로직스,10
코리아에프티,10
인피니트헬스케어,10
현우산업,10
위니아딤채,10
KPX홀딩스,10
인포마크,10
필옵틱스,10
솔브레인홀딩스,10
우리조명,10
엔에스쇼핑,10
곰앤컴퍼니,10
에스트래픽,10
서린바이오,10
유니온커뮤니티,10
옵트론텍,10
이지스레지던스리츠,10
티사이언티픽,10
이상네트웍스,10
에이디칩스,10
SGC이테크건설,10
한국카본,10
이지바이오,10
한화플러스,10
대한제강,10
큐렉소,10
팬오션,10
대성창투,10
세아홀딩스,10
베트남개발1,10
팅크웨어,10
GS글로벌,10
휴벡셀,9
현대비앤지스틸,9
아모레퍼시픽,9
연이비앤티,9
해태제과식품,9
대창솔루션,9
남화토건,9
하림지주,9
씨큐브,9
JB금융지주,9
아이케이세미콘,9
이구산업,9
성신양회,9
감성코퍼레이션,9
SNT중공업,9
신성통상,9
SFA반도체,9
동국S&C,9
테크트랜스,9
디지탈옵틱,9
경인전자,9
아모레G3우,9
자비스,9
스튜디오산타클로스,9
제주국제컨벤,9
삼아알미늄,9
케이씨텍,9
디지털대성,9
영원무역홀딩스,9
다원넥스뷰,9
엔에이치스팩17호,9
메가스터디,9
제주반도체,9
미래에셋대우스팩3호,9
성광벤드,9
코퍼스코리아,9
씨앤씨인터내셔널,9
테크엔,9
세진중공업,9
엠소닉,9
태림포장,9
아이디피,9
선진뷰티사이언스,8
제노텍,8
한컴MDS,8
한독크린텍,8
동운아나텍,8
디엠티,8
클리노믹스,8
알엔투테크놀로지,8
창해에탄올,8
셀바스AI,8
한솔케미칼,8
넥스트아이,8
아이씨디,8
이베스트이안스팩1호,8
에스코넥,8
푸른기술,8
크루셜텍,8
금화피에스시,8
대화제약,8
한국콜마홀딩스,8
그린케미칼,8
기산텔레콤,8
동방아그로,8
KG케미칼,8
레드캡투어,8
하이투자증권,8
NICE평가정보,8
에스제이켐,8
레드로버,8
대성산업,8
유안타,8
세중,8
유비케어,8
SUN&L,8
로체시스템즈,8
대신밸런스,8
멕아이씨에스,8
제이앤드,8
동부건설,8
다우기술,8
JYP Ent.,8
하나머티리얼즈,8
엘비세미콘,8
에이아이비트,8
엔에스엔,8
레인보우로보틱스,8
사람인에이치알,8
현대그린푸드,8
한국경제TV,8
루켄테크놀러지스,8
골드퍼시픽,7
오킨스전자,7
현대에버다임,7
보령제약,7
동우당제약,7
모비스,7
제로투세븐,7
엘앤에프,7
KH 일렉트론,7
에이펙스인텍,7
에코프로비엠,7
우리종금,7
유유제약,7
우리금융캐피탈,7
이브이첨단소재,7
LX세미콘,7
대한유화,7
효성,7
SBS,7
어보브반도체,7
맥스로텍,7
씨젠,7
CSA 코스믹,7
이노와이즈,7
에스디생명공학,7
하나머스트,7
대정화금,7
문배철강,7
녹십자셀,7
뿌리깊은나무들,7
엠에프엠코리아,7
비덴트,7
더블유게임즈,7
네오팜,7
기신정기,7
박셀바이오,7
투에버,7
국영지앤엠,7
삼아제약,7
아이에스동서,7
퓨쳐스트림네트웍스,7
신화인터텍,7
종근당,7
상상인증권,7
이노와이어리스,7
코리아써키트,7
유엑스엔,7
마이크로프랜드,7
엘에스아이앤디,7
롯데글로벌로지스,7
원익QnC,7
아바코,7
한일홀딩스,6
웰크론한텍,6
케이티파워텔,6
파인테크닉스,6
대한광통신,6
휴스틸,6
쿠쿠홀딩스,6
파마리서치,6
이비테크,6
삼성머스트,6
미래생명자원,6
와이솔,6
케이탑리츠,6
테이팩스,6
하이즈항공,6
지엔코,6
영원무역,6
파워 고배당저변동성,6
일신방직,6
에스큐사이언스,6
릭스솔루션,6
잇츠한불,6
일양약품,6
덴티움,6
판타지오,6
레이,6
정상제이엘에스,6
코윈테크,6
대원산업,6
오리엔트전자,6
에프엔에스테크,6
디엔에프,6
이그잭스,6
삼현철강,6
테크윙,6
쿠쿠홈시스,6
파라텍,6
라이온켐텍,6
메리츠금융지주,6
동아엘텍,6
코아시아옵틱스,6
피에스텍,6
이화공영,6
맵스리얼티1,6
큐에스아이,6
액트로,6
지코,6
대원화성,6
누리플렉스,6
한올바이오파마,6
서암기계공업,6
LX인터내셔널,6
롯데케미칼,6
잘만테크,6
서한,6
제이엠아이,6
NHN,6
솔브레인,6
유티아이,6
엔브이에이치코리아,6
이엔에프테크놀로지,6
피에스케이홀딩스,6
롯데제과,6
KTOP 코스피50,6
텔레필드,6
미래에셋대우스팩 5호,6
신원종합개발,6
와이즈버즈,6
제주항공,5
MH에탄올,5
유성티엔에스,5
씨앤에스자산관리,5
키움증권,5
비아트론,5
현대퓨처넷,5
엔텔스,5
아가방컴퍼니,5
서호전기,5
경남스틸,5
덕신하우징,5
대우부품,5
매직마이크로,5
한국특강,5
네추럴FNP,5
메디안디노스틱,5
케이엠더블유,5
바다로19호,5
실력산업,5
엠앤씨생명과학,5
에스에이티이엔지,5
신영건설,5
비보존 헬스케어,5
동아,5
동신건설,5
서울가스,5
하이록코리아,5
모비릭스,5
자안코스메틱,5
국일신동,5
파버나인,5
영풍,5
클라우드에어,5
SK하이닉스,5
경동나비엔,5
피에스엠씨,5
TBH글로벌,5
핸디소프트,5
셀바스헬스케어,5
백광산업,5
PN풍년,5
미원상사,5
일야,5
동원수산,5
하이텍팜,5
화승엔터프라이즈,5
아바텍,5
지투알,4
팬엔터테인먼트,4
삼성바이오로직스,4
에이디테크놀로지,4
에스텍,4
SK디앤디,4
드림시큐리티,4
아진산업,4
영화금속,4
NAVER,4
메디쎄이,4
대주산업,4
상아프론테크,4
계룡건설,4
인콘,4
에코플라스틱,4
오스코텍,4
웅진,4
스페코,4
케이씨피드,4
에스엠,4
에스엠비나,4
마이티 코스피,4
한일사료,4
코엔스,4
대동고려삼,4
아하정보통신,4
CJ씨푸드,4
윈팩,4
애경유화,4
케이피에스,4
아이에이,4
나우IB,4
펩트론,4
KBI메탈,4
엔지브이아이,4
기업은행,4
성창오토텍,4
제이에스티나,4
현대제철,4
윈텍,4
피에이치씨,4
호텔신라,4
하이스틸,4
율촌화학,4
제일연마,4
삼일씨엔에스,4
유니포인트,4
서전기전,4
지트리비앤티,4
WI,4
덕산하이메탈,4
모두투어,4
고려제약,4
삼성카드,4
미애부,4
에이엔피,4
메타랩스,4
대호특수강,4
제우스,4
이즈미디어,4
로보쓰리,4
세종공업,4
디에스티,3
남선알미늄,3
퍼스텍,3
장원테크,3
소프트센,3
한성기업,3
아모센스,3
인동첨단소재,3
이성씨엔아이,3
한솔로지스틱스,3
KBS미디어,3
메디프론,3
동국산업,3
메지온,3
플랜티넷,3
에어미디어,3
GS,3
코드네이처,3
대유에이텍,3
휴맥스홀딩스,3
삼성엔지니어링,3
제일테크노스,3
티티씨디펜스,3
서울전자통신,3
플레이디,3
태경산업,3
동서,3
코리아에스이,3
푸드웰,3
코스나인,3
한일시멘트,3
한솔홈데코,3
대림B&Co,3
한국알콜,3
넥슨지티,3
부국증권,3
덕우전자,3
한국정보공학,3
하나투어,3
동우팜투테이블,3
KC그린홀딩스,3
에스에스알,3
극동유화,3
현대공업,3
시큐브,3
아남전자,3
씨앤투스성진,3
우리산업홀딩스,3
와이팜,3
HANATOURIST,3
대성미생물,3
썬테크,3
자안바이오,3
대원강업,3
코위버,3
아프리카TV,3
이미지스,3
휴럼,3
미래아이앤지,3
삼정펄프,2
미창석유,2
프로스테믹스,2
제이씨현시스템,2
모토닉,2
엠젠플러스,2
인팩,2
나인테크,2
삼화콘덴서,2
황금에스티,2
태영건설,2
미래에셋맵스리츠,2
엘리비젼,2
모두투어리츠,2
드래곤플라이,2
서진시스템,2
한국,2
보해양조,2
비케이탑스,2
삼성스팩4호,2
SMART 중국본토 중소형 CSI500,2
엔피디,2
타이거일렉,2
한농화성,2
SJM홀딩스,2
네비게이터 친환경자동차밸류체인액티브,2
SMART KIS단기통안채,2
한국주철관,2
신세계푸드,2
CJ,2
한진중공업홀딩스,2
성우하이텍,2
한라홀딩스,2
아이에스이커머스,2
에이스테크,2
대양금속,2
조인트리,2
에스티아이,2
유니테스트,2
수성이노베이션,2
삼영이엔씨,2
서산,2
현대이지웰,2
웰크론,2
상신이디피,2
테라젠이텍스,2
KTis,2
폴루스바이오팜,2
에이치엘비생명과학,2
이퓨쳐,2
선도전기,2
리노공업,2
인터지스,2
AK홀딩스,2
뉴로스,2
대호에이엘,2
한국전자홀딩스,2
현대아산,2
부산주공,2
콜마파마,2
지유온,2
지엔씨에너지,2
우리손에프앤지,2
빅솔론,2
인텍플러스,2
뉴프렉스,2
THE MIDONG,2
비상교육,2
쎄트렉아이,2
화일약품,2
동일고무벨트,2
동양생명,2
싸이맥스,2
코오롱플라스틱,1
판도라티비,1
삼목에스폼,1
한라IMS,1
상보,1
손오공,1
코스텍3우,1
셀트리온헬스케어,1
SDN,1
LG,1
앙츠,1
DSR제강,1
에스엠코어,1
나노캠텍,1
엘에이티,1
완도전복,1
대백저축은행,1
KG이니시스,1
피델릭스,1
글로벌텍스프리,1
흥아해운,1
나이스정보통신,1
백산,1
럭슬,1
아즈텍WB,1
신영와코루,1
한국화장품제조,1
앱코,1
대상홀딩스,1
에스엘바이오닉스,1
FOCUS KRX,1
성문전자,1
디티알오토모티브,1
DMS,1
경보제약,1
케이씨,1
JW생명과학,1
원익머트리얼즈,1
YTN,1
세이브존I&C,1
오스테오닉,1
GRT,1
아세아제지,1
웰바이오텍,1
동방선기,1
나스미디어,1
테고사이언스,1
사운드백신,1
아난티,1
인지디스플레,1
포메탈,1
대림제지,1
탑엔지니어링,1
HK 베스트일레븐액티브,1
모다이노칩,1
성창기업지주,1
에코바이오,1
세아특수강,1
삼영전자,1
티에이치엔,1
대동전자,1
엔에이치스팩19호,1
일성신약,1
엘오티베큠,1
KH바텍,1
풍산홀딩스,1
다이나믹디자인,1
틸론,1
윈하이텍,1
오뚜기,1
디아이티,1
원풍물산,1
부국철강,1
에이텍티앤,1
한국지네틱바이오팜,1
삼진,1
조선선재,1
핸즈코퍼레이션,1
디오,1
드림씨아이에스,1
코웨이,1
카스,0
E1,0
SG&G,0
스포츠서울,0
모헨즈,0
유투바이오,0
COWON,0
EX ,0
SMART ,0
KPX케미칼,0
GKL,0
KCC,0
바이옵트로,0
아이피몬스터,0
쎄노텍,0
유진로봇,0
동일금속,0
KH E&T,0
KT,0
케이아이티,0
삼표시멘트,0
TYM,0
제일파마홀딩스,0
인터엠,0
디피씨,0
폴라리스오피스,0
대림통상,0
한국단자,0
대성홀딩스,0
화천기계,0
에스앤더블류,0
리더스코스메틱,0
동양이엔피,0
OCI,0
신대양제지,0
인화정공,0
GST,0
오디텍,0
POSCO,0
엘디티,0
UCI,0
SBS미디어홀딩스,0
신라에스지,0
디와이피엔에프,0
엔에이치스팩13호,0
현대에이치티,0
일진다이아,0
ISC,0
삼성중공우,0
미래나노텍,0
세하,0
삼성공조,0
부산가스,0
시노펙스,0
펌텍코리아,0
마니커,0
IBK투자증권,0
앤디포스,0
삼영무역,0
삼천리자전거,0
대성엘텍,0
BGF,0
루멘스,0
끄렘드라끄렘,0
코리아나,0
스타플렉스,0
EMW,0
팜스토리,0
야스,0
이수페타시스,0
티피씨글로벌,0
SKC,0
유화증권,0
매일홀딩스,0
다우데이타,0
미래엔에듀파트너,0
BYC,0
홈센타홀딩스,0
동일산업,0
예림당,0
SHD,0
THE E&M,0
KT&G,0
CNH,0
F&F,0
녹원씨엔아이,0
한솔PNS,0
SMART KRX,0
EMB,0
다산네트웍스,0
태평양물산,0
애니젠,0
우주일렉트로,0
마니커에프앤지,0
노루페인트,0
오리엔트정공,0
뉴인텍,0
엘아이에스,0
TJ미디어,0
진양산업,0
비씨월드제약,0
HDC,0
마이다스 커버드콜5%OTM,0
리노스,0
세방전지,0
F&F홀딩스,0
NICE,0
한국자산신탁,0
엔케이물산,0
케어젠,0
제노레이,0
테라셈,0
상상인이안제,0
동양피스톤,0
NEW,0
티엘아이,0
모아텍,0
한솔홀딩스,0
플레이위드,0
아이즈비전,0
블루콤,0
파워넷,0
SNK,0
대원제약,0
태양금속,0
CNT85,0
농심홀딩스,0
빛샘전자,0
유테크,0
대유에이피,0
하이트진로홀딩스,0
렌딩머신,0
KEC,0
KCI,0
삼보판지,0
우리산업,0
제룡전기,0
CBI,0
솔루에타,0
대동금속,0
DB,0
엘앤케이바이오,0
삼양홀딩스,0
화성밸브,0
가온전선,0
에이치엔티,-1
EX 펀더멘탈 ,-1
오로라,-1
DL,-1
광진윈텍,-1
진양홀딩스,-1
디티앤씨,-1
와이어블,-1
서울개인택시복지법인,-1
대보마그네틱,-1
진양폴리,-1
대성파인텍,-1
대동기어,-1
EG,-1
LX하우시스,-1
도부마스크,-1
대양제지,-1
상신전자,-1
희림,-1
유진,-1
부광약품,-1
옴니시스템,-1
원포유,-1
한양,-1
KMH,-1
제일기획,-1
삼일제약,-1
아리온,-1
효성중공업,-1
세아베스틸,-1
롯데칠성,-1
한중엔시에스,-1
이아이디,-1
삼천리,-1
핌스,-1
한국팩키지,-1
대웅,-1
녹십자웰빙,-1
다스코,-1
양지사,-1
예스코홀딩스,-1
티에스이,-1
대주전자재료,-1
에이트원,-1
빅텐츠,-1
경동도시가스,-1
이라이콤,-2
성우전자,-2
바이오톡스텍,-2
흥구석유,-2
다믈멀티미디어,-2
효성ITX,-2
이십일스토어,-2
제이티,-2
동양고속,-2
마이티 커버드콜ATM레버리지,-2
이트론,-2
S&K폴리텍,-2
LF,-2
하이트론,-2
천일고속,-2
SNT홀딩스,-2
신도리코,-2
동양에스텍,-2
흥국화재,-2
STX,-2
에스와이,-2
LS네트웍스,-2
THQ,-2
SK,-2
DSR,-2
KNN,-2
3S,-2
동일제강,-2
HMM,-2
CS,-2
케이티알파,-2
포스코건설,-2
한국유니온제약,-2
제이준코스메틱,-2
페이퍼코리아,-2
남해화학,-2
남화산업,-2
위지트,-2
에스제이그룹,-2
누리플랜,-2
아이마켓코리아,-3
SJM,-3
팜스코,-3
HRS,-3
삼일,-3
에이스침대,-3
삼양옵틱스,-3
케이비제,-3
에이피티씨,-3
씨유메디칼,-3
센코,-3
제주은행,-3
토박스코리아,-3
OQP,-3
엘컴텍,-3
한일철강,-3
일진홀딩스,-3
범양사,-3
에너토크,-3
세원,-3
지나인제약,-3
진로발효,-3
레이언스,-3
인피니티엔티,-3
세기상사,-3
KH 필룩스,-3
아세아시멘트,-3
한국쉘석유,-3
영보화학,-3
에코마이스터,-3
한프,-3
이랜시스,-3
멜파스,-3
내츄럴엔도텍,-4
나노엔텍,-4
비에이치,-4
비플라이소프트,-4
종근당바이오,-4
NPC,-4
맥쿼리인프라,-4
제노코,-4
우리이앤엘,-4
대한화섬,-4
파크시스템스,-4
코엔텍,-4
고영,-4
한탑,-4
락앤락,-4
디씨엠,-4
인지컨트롤스,-4
제이엠티,-4
진성티이씨,-4
서원인텍,-4
휴켐스,-4
CJ ENM,-4
제이씨케미칼,-4
KR모터스,-4
인터코스,-5
베뉴지,-5
한국패러랠,-5
에이치엘비,-5
큐로컴,-5
루트락,-5
하츠,-5
연우,-5
서연,-5
풍국주정,-5
한국기업평가,-5
휴림로봇,-5
대덕전자,-5
위즈코프,-5
LS,-6
투니플레이,-6
일정실업,-6
한화플러스제,-6
아이디스홀딩스,-6
오션스톤,-6
일승,-6
한국석유,-6
AJ네트웍스,-6
KG ETS,-6
에이프로,-6
정다운,-6
씨앤지하이테크,-6
하림,-6
파워 코스피,-6
코오롱머티리얼,-6
디케이락,-6
네패스,-6
제이웨이,-7
영풍제지,-7
유진테크,-7
시스웍,-7
우리들휴브레인,-7
KT서브마린,-7
JTC,-7
서울식품,-7
포스코강판,-7
SG,-7
광주신세계,-7
러셀,-7
상상인,-8
무림페이퍼,-8
크로넥스,-8
한일단조,-8
신원,-8
대한약품,-8
이엠넷,-8
버킷스튜디오,-8
스킨앤스킨,-8
엔에스엠,-8
대성에너지,-8
지역난방공사,-9
티케이케미칼,-9
선광,-9
고려제강,-9
동화기업,-9
금비,-9
티비씨,-9
서흥,-9
한국캐피탈,-9
골드앤에스,-9
팍스넷,-9
코셋,-9
인베니아,-9
푸른저축은행,-10
넷마블네오,-10
롯데관광개발,-10
코리아써우,-10
씨이랩,-10
노루홀딩스,-10
베노홀딩스,-11
신한지주,-11
알파홀딩스,-11
비디아이,-11
티씨케이,-11
한진칼,-11
탑선,-11
화신,-11
에스엔유,-11
메디앙스,-11
디아이씨,-11
에이루트,-11
엠씨넥스,-11
흥국 S&P코리아로우볼,-12
에이비온,-12
경인양행,-12
롯데쇼핑,-12
넥스트BT,-13
덱스터,-13
엠케이전자,-13
안트로젠,-13
코센,-13
동남,-13
서연이화,-13
신흥,-13
상상인인더스트리,-13
와이엠씨,-14
알테오젠,-14
에스디시스템,-14
태광,-14
윈스,-14
케이비아이동국실업,-14
아스타,-14
인스코비,-14
신흥에스이씨,-14
서연탑메탈,-14
코오롱생명과학,-15
레고켐바이오,-15
피피아이,-15
천보,-15
후성,-15
영진약품,-16
부산산업,-16
경방,-16
웹스,-16
미스터블루,-16
이건홀딩스,-16
이앤에치,-16
롯데푸드,-17
SGC에너지,-17
글로본,-17
유아이디,-17
엔에스,-17
삼성물산,-17
내일신문,-17
벽산,-18
네오리진,-18
케이엔더블유,-18
알로이스,-18
에이티세미콘,-18
에이리츠,-18
이루다,-19
테스,-19
비올,-19
대상,-20
에이팩트,-20
이노진,-20
이엘피,-20
더스텔라,-21
오리엔트바이오,-22
경창산업,-22
한진,-23
메디톡스,-23
스맥,-23
현대백화점,-24
이씨에스,-24
아세아,-24
팜젠사이언스,-24
LG유플러스,-24
서부T&D,-24
우진,-25
굿센,-25
가비아,-26
디바이스이엔지,-26
매일방송,-26
영흥,-26
광림,-27
이엠티,-27
네이블,-27
시디즈,-28
현대건설,-28
비비씨,-28
질경이,-28
대한제분,-28
넵튠,-29
현대해상,-29
한온시스템,-29
하나금융지주,-30
앤알커뮤니,-31
씨앗,-31
국동,-31
부방,-31
코프라,-33
한익스프레스,-35
와이엠티,-35
서원,-35
파수,-35
나무가,-35
미로,-35
크라운제과,-35
전방,-36
베스파,-36
맘스터치,-36
덕성,-36
듀오백,-37
남성,-37
풍산,-37
신일전자,-37
디자인,-38
모나미,-38
랩토,-38
미코,-39
그리티,-39
혜인,-39
한세실업,-40
디지틀조선,-41
만도,-42
얼라인드,-42
비비안,-43
베셀,-44
두산,-44
아나패스,-44
고려아연,-45
풍강,-46
키네마스터,-47
흥국,-47
힘스,-49
율호,-49
코스텔,-50
본느,-50
유신,-51
형지I&C,-51
솔본,-53
한창,-54
큐라클,-54
다날,-56
빅텍,-57
무학,-57
해성산업,-58
SK네트웍스,-58
서남,-58
다이오진,-59
삼기,-59
제일약품,-62
한라,-65
롯데손해보험,-65
성안,-66
키이스트,-67
에넥스,-71
조비,-71
한화손해보험,-72
로보로보,-74
유니드,-75
리드코프,-80
지오씨,-85
대동,-86
다산,-87
와이아이케이,-87
에스원,-88
인산가,-91
깨끗한나라,-94
하나금융1,-95
세방,-99
다나와,-99
노랑풍선,-99
좋은사람들,-102
하이브,-106
데브시스터즈,-117
현대위아,-138
태양기계,-148
휴비스,-149
성도이엔지,-159
국일제지,-168
쌍용C&E,-168
한진중공업,-181
대구백화점,-192
이엔플러스,-195
DB손해보험,-197
삼성생명,-229
드림라인,-244
강원랜드,-250
코오롱티슈진,-294
서희건설,-296
신라젠,-376
경남기업,-406
아센디오,-425
도이치모터스,-437
대창,-439
우리금융지주,-461
삼부토건,-486
스타모빌리티,-498
삼성화재,-584
라이트론,-595
SK케미칼,-636
애경산업,-653
유성기업,-849
사조산업,-949
남양유업,-1080
